,CD1,CD1,CD1,CD2,CD2,CD2,CD3,CD3,CD3
,CD1,CD2,CD3,CD1,CD2,CD3,CD1,CD2,CD3
0,0,7864.56974282841,6033.0843343383185,7864.56974282841,0,5183.849334303888,6033.0843343383185,5183.849334303888,0
