,CD1,CD1,CD1,CD2,CD2,CD2,CD3,CD3,CD3
,CD1,CD2,CD3,CD1,CD2,CD3,CD1,CD2,CD3
0,0,6164.603857004646,4787.305474934355,6164.603857004646,0,3886.597904231278,4787.305474934355,3886.597904231278,0
