('CD1', 'CD1'),0
('CD1', 'CD2'),6999.388169685375
('CD1', 'CD3'),5483.934678747552
('CD1', 'CD4'),4887.212242950672
('CD2', 'CD1'),6999.388169685375
('CD2', 'CD2'),0
('CD2', 'CD3'),4755.585356078714
('CD2', 'CD4'),4913.600279102602
('CD3', 'CD1'),5483.934678747552
('CD3', 'CD2'),4755.585356078714
('CD3', 'CD3'),0
('CD3', 'CD4'),5111.818225596987
('CD4', 'CD1'),4887.212242950672
('CD4', 'CD2'),4913.600279102602
('CD4', 'CD3'),5111.818225596987
('CD4', 'CD4'),0
